,Kmer,Importance
271,f0,154
39,f524804,116
0,f1,94
1,f524812,74
216,f524802,68
230,f524805,67
454,f524808,67
140,f524803,65
34,f524810,58
458,f524800,58
44,f524809,55
249,f524806,44
26,f524811,42
19,f524801,41
3,f96031,40
242,f524807,38
540,f3,28
274,f2,26
555,f6,23
532,f5,21
2,f464895,21
691,f4,17
390,f9,17
84,f7,15
724,f16,13
69,f252593,13
20,f185209,11
701,f15,10
198,f436636,10
35,f408131,9
380,f8,9
278,f13,8
888,f12,8
10,f46424,7
76,f423,7
645,f10,7
72,f129518,7
66,f310715,7
197,f467611,7
394,f22,6
583,f19,6
578,f18,6
101,f120963,6
1753,f28,5
576,f14,5
404,f30,5
1431,f31,5
54,f24644,5
42,f311982,5
1042,f17,5
15,f42848,5
284,f24,5
136,f127719,4
11,f221338,4
610,f34,4
774,f188,4
169,f138492,4
465,f21,4
270,f307833,4
1458,f37,4
643,f459523,4
116,f390705,4
32,f214861,4
368,f11,4
37,f232677,4
36,f335437,4
292,f359095,3
358,f130013,3
287,f95695,3
170,f294919,3
100,f120940,3
962,f380023,3
1105,f235,3
450,f36,3
1123,f395013,3
330,f396606,3
630,f23,3
930,f26,3
145,f42,3
55,f393,3
1584,f353420,3
1144,f291443,3
495,f411881,3
1740,f33,3
542,f382005,3
770,f233915,3
904,f85428,3
25,f96505,3
70,f365520,3
1513,f29,3
200,f517713,3
73,f27,3
2001,f179548,3
336,f338727,2
327,f230014,2
240,f435143,2
1012,f369474,2
966,f180889,2
337,f69855,2
1300,f138823,2
912,f170691,2
2002,f58514,2
351,f120569,2
214,f415998,2
905,f255486,2
1294,f492032,2
1287,f220814,2
1026,f300276,2
325,f290423,2
315,f236010,2
1361,f67,2
1930,f900,2
1286,f389315,2
1357,f131873,2
1356,f55000,2
1618,f241,2
660,f350248,2
294,f38,2
661,f344083,2
290,f334032,2
1345,f51,2
354,f88297,2
443,f43837,2
903,f321254,2
898,f393472,2
512,f194,2
775,f391462,2
773,f426636,2
772,f254957,2
1741,f218,2
545,f376307,2
546,f67544,2
747,f216306,2
745,f257689,2
1708,f231252,2
565,f35,2
730,f300237,2
575,f312,2
671,f180768,2
581,f337,2
594,f30684,2
1580,f313643,2
697,f460939,2
695,f454727,2
1654,f3325,2
682,f46,2
1643,f211263,2
676,f121233,2
779,f35123,2
790,f21915,2
1763,f94,2
1829,f356514,2
889,f45,2
1864,f231713,2
1863,f156627,2
1861,f124368,2
882,f337799,2
1852,f366032,2
405,f481569,2
407,f428532,2
408,f132034,2
409,f149900,2
1449,f415088,2
493,f274082,2
427,f171639,2
844,f50,2
449,f76916,2
175,f172836,2
1793,f83,2
820,f103,2
804,f388263,2
480,f17381,2
484,f321588,2
492,f256130,2
186,f84011,2
926,f339819,2
80,f390567,2
1093,f143,2
167,f41223,2
103,f266043,2
1089,f243543,2
78,f306,2
1081,f49,2
141,f123824,2
1090,f6481,2
77,f497764,2
152,f57,2
17,f18896,2
1091,f392264,2
13,f281753,2
144,f172324,2
71,f502090,2
2112,f12840,2
1147,f204488,2
1213,f458925,2
22,f60088,2
23,f24804,2
28,f212018,2
87,f115642,2
24,f88770,2
79,f449127,2
1168,f389038,2
1208,f325,2
1058,f487665,2
96,f431128,2
4,f281473,2
5,f390127,2
6,f165412,2
81,f48,2
40,f355837,2
1261,f41,2
7,f555,2
1221,f200654,2
27,f231011,2
56,f275344,2
1134,f81634,2
2116,f720,2
12,f59469,2
1116,f313325,2
98,f54224,2
1502,f372126,1
1508,f82113,1
1507,f65646,1
1504,f178698,1
1498,f11982,1
1501,f493492,1
1499,f217071,1
1505,f428201,1
1500,f320489,1
1503,f265817,1
1195,f394,1
1506,f354499,1
1262,f685,1
1509,f163033,1
1519,f2410,1
1523,f250005,1
1522,f299496,1
1521,f38627,1
1187,f128965,1
1520,f341869,1
1188,f489344,1
1189,f227475,1
1190,f310,1
1191,f511959,1
1518,f516458,1
1510,f430192,1
1192,f204257,1
1517,f742,1
1193,f204709,1
1516,f345434,1
1497,f10705,1
1514,f473693,1
1194,f458513,1
1512,f25139,1
1511,f272903,1
1515,f132774,1
1487,f3955,1
1496,f281547,1
1463,f120269,1
1201,f359251,1
1202,f217062,1
1471,f218916,1
1470,f86854,1
1469,f335560,1
1468,f181469,1
1467,f428500,1
1203,f270781,1
1466,f462213,1
1465,f430558,1
1464,f511491,1
1462,f156797,1
1473,f9318,1
1461,f92214,1
1460,f395037,1
1459,f492052,1
1204,f105290,1
1457,f192305,1
1456,f417337,1
1205,f373534,1
1455,f34451,1
1454,f37610,1
1453,f3665,1
1206,f237235,1
1472,f406412,1
1474,f293832,1
1495,f498635,1
1484,f3885,1
1494,f435489,1
1196,f15032,1
1493,f213582,1
1492,f265330,1
1491,f280376,1
1490,f305504,1
1489,f4196,1
1488,f390160,1
1525,f30348,1
1486,f297593,1
1485,f178966,1
1483,f2337,1
1200,f87607,1
1482,f242000,1
1197,f72499,1
1481,f505014,1
1480,f517769,1
1479,f339072,1
1198,f352312,1
1199,f223191,1
1478,f390436,1
1477,f294166,1
1476,f342075,1
1475,f63398,1
1524,f156848,1
1536,f83378,1
1526,f456853,1
1527,f445853,1
1593,f437301,1
1592,f299,1
1170,f3770,1
1591,f335418,1
1590,f266863,1
1589,f369748,1
1171,f145931,1
1588,f77400,1
1587,f139004,1
1586,f3058,1
1585,f158162,1
1583,f131460,1
1582,f438753,1
1581,f155985,1
1579,f237442,1
1578,f177831,1
1577,f169,1
1576,f143433,1
1575,f434426,1
1172,f20448,1
1574,f517667,1
1573,f85,1
1572,f20117,1
1571,f159497,1
1570,f69992,1
1594,f425233,1
1595,f229707,1
1596,f80983,1
1167,f400666,1
1619,f9202,1
1617,f436957,1
1616,f368671,1
1615,f438944,1
1614,f278334,1
1613,f1405,1
1612,f23015,1
1166,f476571,1
1611,f276964,1
1610,f476469,1
1609,f133,1
1608,f767,1
1597,f193483,1
1607,f464233,1
1606,f219524,1
1605,f458698,1
1604,f340552,1
1603,f405950,1
1602,f81556,1
1601,f108654,1
1600,f418180,1
1169,f312367,1
1599,f1181,1
1598,f322,1
1569,f332026,1
1568,f120,1
1567,f443283,1
1538,f430524,1
1545,f253,1
1544,f127021,1
1181,f261296,1
1543,f451139,1
1182,f510485,1
1542,f503628,1
1541,f276506,1
1540,f249287,1
1183,f68827,1
1184,f86260,1
1539,f75163,1
1185,f143020,1
1547,f40677,1
1537,f127294,1
1451,f469190,1
1535,f383267,1
1534,f442283,1
1533,f207643,1
1532,f2936,1
1531,f343046,1
1530,f7402,1
1186,f1054,1
1529,f368320,1
1528,f61,1
1546,f82,1
1180,f417545,1
1566,f430900,1
1559,f261597,1
1565,f5800,1
1173,f133419,1
1564,f126596,1
1174,f276060,1
1563,f299543,1
1175,f381210,1
1176,f352286,1
1562,f252989,1
1177,f355972,1
1561,f20,1
1560,f98257,1
1558,f195326,1
1548,f17794,1
1178,f353536,1
1557,f482433,1
1556,f333777,1
1555,f52265,1
1554,f192895,1
1179,f303087,1
1553,f472056,1
1552,f414764,1
1551,f80837,1
1550,f76456,1
1549,f518797,1
1452,f315390,1
1443,f418391,1
1450,f274388,1
1336,f469546,1
1334,f211735,1
1333,f176891,1
1332,f144771,1
1331,f2659,1
1330,f4879,1
1329,f498501,1
1328,f196306,1
1327,f453514,1
1326,f83033,1
1325,f134757,1
1324,f245606,1
1323,f280854,1
1322,f77356,1
1321,f196602,1
1245,f518144,1
1320,f171657,1
1319,f134454,1
1318,f478393,1
1317,f2059,1
1316,f10657,1
1315,f284953,1
1246,f518140,1
1314,f464373,1
1247,f324957,1
1313,f370578,1
1335,f195187,1
1337,f323526,1
1311,f40167,1
1338,f481132,1
1236,f101288,1
1355,f159251,1
1354,f457,1
1353,f369,1
1237,f394750,1
1352,f266328,1
1351,f148047,1
1238,f5211,1
1350,f343451,1
1349,f443430,1
1239,f245400,1
1348,f432886,1
1347,f23447,1
1346,f978,1
1240,f5504,1
1241,f75921,1
1242,f28281,1
1344,f48004,1
1343,f77,1
1243,f79366,1
1342,f54509,1
1341,f2195,1
1244,f258422,1
1340,f413539,1
1339,f2104,1
1312,f334072,1
1310,f9180,1
1448,f468386,1
1256,f8288,1
1285,f130163,1
1284,f153854,1
1283,f212,1
1282,f498062,1
1281,f7954,1
1258,f435748,1
1259,f254434,1
1280,f151205,1
1279,f516311,1
1278,f440313,1
1277,f367618,1
1276,f391973,1
1275,f505115,1
1274,f439,1
1273,f168284,1
1260,f290233,1
1272,f179664,1
1271,f454488,1
1270,f284779,1
1269,f435999,1
1268,f22858,1
1267,f206299,1
1266,f358260,1
1265,f151389,1
1264,f5066,1
1257,f375022,1
1288,f213895,1
1309,f249241,1
1289,f386431,1
1308,f63376,1
1307,f21193,1
1306,f442717,1
1305,f4682,1
1248,f396092,1
1304,f432042,1
1303,f2030,1
1302,f1426,1
1301,f256985,1
1249,f282949,1
1250,f317854,1
1299,f254993,1
1298,f6815,1
1297,f57983,1
1296,f270328,1
1295,f339848,1
1251,f149088,1
1293,f106,1
1252,f97613,1
1292,f244956,1
1253,f398126,1
1254,f161478,1
1255,f378405,1
1291,f230200,1
1290,f3293,1
1235,f19164,1
1358,f48892,1
1234,f6958,1
1212,f309444,1
1422,f120253,1
1421,f321548,1
1420,f244016,1
1419,f202892,1
1214,f157984,1
1418,f136214,1
1417,f386254,1
1215,f232286,1
1416,f432817,1
1216,f241191,1
1415,f127206,1
1217,f257846,1
1218,f339375,1
1414,f392350,1
1219,f364880,1
1220,f127465,1
1413,f133510,1
1412,f258462,1
1411,f74010,1
1410,f35207,1
1409,f809,1
1408,f292112,1
1407,f172365,1
1406,f192569,1
1222,f408353,1
1423,f70771,1
1424,f195616,1
1359,f289273,1
1425,f95502,1
1447,f193038,1
1446,f376914,1
1445,f1533,1
1207,f41657,1
1444,f282775,1
1263,f354121,1
1442,f403820,1
1441,f439606,1
1440,f230151,1
1439,f325511,1
1438,f25425,1
1437,f448361,1
1436,f339773,1
1209,f152974,1
1435,f117897,1
1434,f79,1
1433,f130667,1
1432,f256,1
1210,f214,1
1430,f101,1
1429,f230932,1
1428,f193376,1
1427,f80854,1
1211,f365898,1
1426,f486784,1
1405,f51587,1
1404,f396335,1
1403,f412101,1
1223,f37532,1
1230,f248339,1
1381,f476577,1
1380,f51468,1
1231,f221075,1
1379,f498746,1
1378,f168355,1
1377,f405954,1
1376,f233675,1
1375,f466,1
1374,f15633,1
1232,f268692,1
1373,f430405,1
1372,f309117,1
1371,f377805,1
1370,f518260,1
1369,f193359,1
1368,f58967,1
1367,f997,1
1366,f317641,1
1365,f19096,1
1364,f435078,1
1363,f287928,1
1362,f289462,1
1233,f160500,1
1360,f195,1
1382,f5666,1
1621,f495112,1
1383,f435550,1
1396,f222248,1
1402,f372125,1
1224,f310851,1
1225,f387885,1
1226,f512969,1
1227,f3843,1
1401,f91,1
1228,f148,1
1400,f8468,1
1399,f481826,1
1398,f112040,1
1397,f516905,1
1395,f138123,1
1384,f158352,1
1394,f355449,1
1393,f438492,1
1392,f167597,1
1391,f256533,1
1390,f1855,1
1389,f259418,1
1229,f155941,1
1388,f142930,1
1387,f3700,1
1386,f301163,1
1385,f297877,1
1620,f72016,1
1689,f488705,1
1622,f4867,1
1969,f1094,1
1982,f674,1
1981,f81223,1
1980,f466809,1
1979,f244749,1
1978,f10274,1
1977,f51420,1
1976,f260459,1
1975,f86,1
1974,f189393,1
1973,f504900,1
1972,f462160,1
1971,f505420,1
1970,f86558,1
1968,f414469,1
1984,f236416,1
1967,f490231,1
1966,f459494,1
1965,f5094,1
1964,f2019,1
1963,f51967,1
1962,f222818,1
1961,f385341,1
1960,f244,1
1959,f334,1
1958,f51333,1
1957,f426630,1
1956,f5895,1
1955,f90186,1
1983,f2803,1
1985,f494090,1
2018,f139363,1
2003,f323568,1
2016,f523129,1
2015,f4702,1
2014,f131836,1
2013,f458309,1
2012,f522341,1
2011,f127,1
2010,f97345,1
2009,f58686,1
2008,f176127,1
2007,f348634,1
2006,f92472,1
2005,f58211,1
2004,f244617,1
2000,f6998,1
1986,f473729,1
1999,f22994,1
1998,f165,1
1997,f399772,1
1996,f23168,1
1995,f212914,1
1994,f293276,1
1993,f409918,1
1992,f379752,1
1991,f59848,1
1990,f497658,1
1989,f380729,1
1988,f246802,1
1987,f123128,1
1954,f875,1
1953,f338707,1
1952,f101130,1
1905,f438842,1
1918,f209416,1
1917,f442475,1
1916,f268706,1
1915,f53239,1
1914,f125821,1
1913,f161052,1
1912,f461150,1
1911,f48772,1
1910,f417685,1
1909,f163972,1
1908,f66,1
1907,f231663,1
1906,f955,1
1904,f380565,1
1951,f324854,1
1903,f453358,1
1902,f297,1
1901,f189276,1
1900,f216876,1
1899,f114581,1
1898,f450103,1
1897,f164446,1
1896,f487,1
1895,f242472,1
1894,f604,1
1893,f106352,1
1892,f100,1
1891,f96298,1
1919,f202304,1
1920,f166,1
1921,f441589,1
1922,f267984,1
1950,f278127,1
1949,f248322,1
1948,f72532,1
1947,f324803,1
1946,f67257,1
1945,f363172,1
1944,f175512,1
1943,f325614,1
1942,f468808,1
1941,f179914,1
1940,f327458,1
1939,f58,1
1938,f261538,1
1937,f168787,1
1936,f510247,1
1935,f7227,1
1934,f154956,1
1933,f418409,1
1932,f334234,1
1931,f12186,1
1929,f47370,1
1928,f369695,1
1927,f242708,1
1926,f298332,1
1925,f27916,1
1924,f297498,1
1923,f332277,1
2017,f350250,1
2019,f1140,1
1889,f439503,1
2098,f310857,1
2111,f280439,1
2110,f22606,1
2109,f330871,1
2108,f126790,1
2107,f386802,1
2106,f4829,1
2105,f360,1
2104,f3084,1
2103,f459463,1
2102,f1398,1
2101,f121,1
2100,f481546,1
2099,f145831,1
2097,f26068,1
2114,f32327,1
2096,f490293,1
2095,f521882,1
2094,f457315,1
2093,f21874,1
2092,f93791,1
2091,f267761,1
2090,f192081,1
2089,f142125,1
2088,f521312,1
2087,f28875,1
2086,f1230,1
2085,f41093,1
2084,f324627,1
2113,f32563,1
2115,f90,1
2020,f203348,1
2132,f142120,1
2145,f292098,1
2144,f471091,1
2143,f87219,1
2142,f326,1
2141,f191461,1
2140,f224714,1
2139,f220055,1
2138,f153208,1
2137,f511864,1
2136,f1135,1
2135,f140975,1
2134,f511354,1
2133,f183257,1
2131,f53935,1
2117,f51217,1
2130,f69513,1
2129,f244737,1
2128,f434414,1
2127,f327967,1
2126,f263052,1
2125,f38885,1
2124,f516594,1
2123,f170815,1
2122,f214545,1
2121,f176512,1
2120,f3588,1
2119,f401635,1
2118,f47216,1
2083,f85086,1
2082,f78507,1
2081,f205075,1
2035,f283631,1
2048,f94612,1
2047,f121390,1
2046,f1640,1
2045,f479718,1
2044,f26727,1
2043,f1128,1
2042,f208245,1
2041,f518021,1
2040,f61409,1
2039,f448402,1
2038,f19223,1
2037,f4934,1
2036,f84,1
2034,f141635,1
2080,f40223,1
2033,f424,1
2032,f90062,1
2031,f70284,1
2030,f265311,1
2029,f295726,1
2028,f120028,1
2027,f492000,1
2026,f198551,1
2025,f156215,1
2024,f740,1
2023,f269862,1
2022,f313,1
2021,f16353,1
2049,f495749,1
2050,f43892,1
2051,f523194,1
2052,f366407,1
2079,f294597,1
2078,f178694,1
2077,f318312,1
2076,f465427,1
2075,f60861,1
2074,f160350,1
2073,f128757,1
2072,f419146,1
2071,f186961,1
2070,f260588,1
2069,f483141,1
2068,f456717,1
2067,f241266,1
2066,f349189,1
2065,f385370,1
2064,f427834,1
2063,f68,1
2062,f227,1
2061,f62764,1
2060,f437482,1
2059,f360787,1
2058,f210691,1
2057,f155125,1
2056,f1453,1
2055,f206730,1
2054,f247952,1
2053,f336338,1
1890,f18956,1
1888,f229750,1
1623,f80,1
1703,f435159,1
1717,f48485,1
1716,f48949,1
1715,f28035,1
1714,f2680,1
1713,f38616,1
1712,f231819,1
1711,f191128,1
1710,f304052,1
1709,f1055,1
1707,f377168,1
1706,f59851,1
1705,f95,1
1704,f49786,1
1702,f271967,1
1719,f110590,1
1701,f380661,1
1700,f265026,1
1699,f25279,1
1698,f417314,1
1697,f178212,1
1696,f79309,1
1695,f336599,1
1694,f297491,1
1693,f192,1
1692,f376427,1
1691,f436845,1
1690,f88,1
1164,f498540,1
1718,f178292,1
1720,f354240,1
1754,f194236,1
1736,f488178,1
1751,f191400,1
1750,f81846,1
1749,f259,1
1748,f15265,1
1747,f141236,1
1746,f526,1
1745,f425066,1
1744,f444566,1
1743,f96234,1
1742,f4552,1
1739,f195701,1
1738,f426446,1
1737,f311508,1
1735,f12282,1
1721,f391114,1
1734,f191744,1
1733,f342295,1
1732,f291465,1
1731,f477446,1
1730,f412703,1
1729,f524761,1
1728,f553,1
1727,f449780,1
1726,f494576,1
1725,f102,1
1724,f32,1
1723,f429593,1
1722,f219107,1
1688,f188869,1
1687,f17485,1
1686,f112,1
1638,f510,1
1652,f24839,1
1651,f342500,1
1650,f471182,1
1649,f35840,1
1648,f34462,1
1647,f257709,1
1646,f342588,1
1645,f17854,1
1644,f241165,1
1642,f205028,1
1641,f261342,1
1640,f333241,1
1639,f140664,1
1637,f10298,1
1685,f210430,1
1636,f36804,1
1635,f428,1
1634,f516662,1
1633,f38112,1
1632,f302674,1
1631,f46650,1
1630,f156286,1
1629,f482159,1
1628,f507229,1
1627,f859,1
1626,f146877,1
1625,f1246,1
1624,f118,1
1653,f71021,1
1655,f7549,1
1656,f89251,1
1657,f217121,1
1684,f224208,1
1683,f187,1
1682,f294709,1
1681,f9506,1
1680,f161196,1
1679,f254,1
1678,f399070,1
1677,f97092,1
1676,f108635,1
1675,f122,1
1674,f768,1
1673,f179327,1
1672,f3279,1
1671,f415,1
1670,f79632,1
1669,f421620,1
1668,f314718,1
1667,f503054,1
1666,f401322,1
1665,f226795,1
1664,f313568,1
1663,f151882,1
1662,f63207,1
1661,f368129,1
1660,f103558,1
1659,f2912,1
1658,f16649,1
1752,f520,1
1755,f6113,1
1887,f220722,1
1837,f1326,1
1850,f424565,1
1849,f52320,1
1848,f71308,1
1847,f230454,1
1846,f428660,1
1845,f15671,1
1844,f233450,1
1843,f206794,1
1842,f322677,1
1841,f387149,1
1840,f156138,1
1839,f277925,1
1838,f15117,1
1836,f414535,1
1853,f218766,1
1835,f1690,1
1834,f147244,1
1833,f176,1
1832,f35338,1
1831,f333155,1
1830,f119461,1
1828,f33340,1
1827,f55294,1
1826,f257,1
1825,f191083,1
1824,f395049,1
1823,f188031,1
1822,f225770,1
1851,f189959,1
1854,f77857,1
1756,f352121,1
1873,f490088,1
1886,f384858,1
1885,f520102,1
1884,f32447,1
1883,f384883,1
1882,f453198,1
1881,f182023,1
1880,f91672,1
1879,f6530,1
1878,f510531,1
1877,f5454,1
1876,f413634,1
1875,f16060,1
1874,f345634,1
1872,f19791,1
1855,f189039,1
1871,f5166,1
1870,f253852,1
1869,f268988,1
1868,f394065,1
1867,f311503,1
1866,f461007,1
1865,f78999,1
1862,f262234,1
1860,f204871,1
1859,f425737,1
1858,f4462,1
1857,f140,1
1856,f21439,1
1821,f79973,1
1820,f206308,1
1819,f178727,1
1772,f426783,1
1785,f417998,1
1784,f1441,1
1783,f3006,1
1782,f339257,1
1781,f132949,1
1780,f418005,1
1779,f394109,1
1778,f264096,1
1777,f8987,1
1776,f108052,1
1775,f52856,1
1774,f507548,1
1773,f388051,1
1771,f357194,1
1818,f441724,1
1770,f90596,1
1769,f205201,1
1768,f374137,1
1767,f384017,1
1766,f70722,1
1765,f18315,1
1764,f1371,1
1762,f293946,1
1761,f266590,1
1760,f28515,1
1759,f1850,1
1758,f203324,1
1757,f370282,1
1786,f266854,1
1787,f193531,1
1788,f26591,1
1789,f377491,1
1817,f228925,1
1816,f308758,1
1815,f16314,1
1814,f307706,1
1813,f141653,1
1812,f29631,1
1811,f103385,1
1810,f76116,1
1809,f504577,1
1808,f342813,1
1807,f230007,1
1806,f381654,1
1805,f343260,1
1804,f225646,1
1803,f395326,1
1802,f55025,1
1801,f144,1
1800,f479346,1
1799,f26550,1
1798,f250500,1
1797,f444792,1
1796,f153039,1
1795,f403027,1
1794,f32037,1
1792,f136,1
1791,f142876,1
1790,f16111,1
1165,f315577,1
1073,f348342,1
1163,f189206,1
438,f510587,1
436,f640,1
435,f36673,1
434,f316009,1
433,f46905,1
432,f16825,1
431,f283132,1
430,f1828,1
429,f269962,1
428,f132655,1
426,f405314,1
425,f354749,1
424,f307426,1
423,f239906,1
422,f47184,1
421,f378374,1
420,f326786,1
419,f343414,1
418,f94437,1
417,f326595,1
416,f78913,1
415,f66133,1
414,f477950,1
413,f64707,1
412,f206022,1
411,f66640,1
410,f312003,1
406,f496392,1
437,f47668,1
439,f216586,1
475,f488748,1
440,f47205,1
473,f222,1
472,f450849,1
471,f253204,1
470,f60880,1
469,f387653,1
468,f372307,1
467,f518986,1
466,f279120,1
464,f16504,1
463,f418431,1
462,f30614,1
461,f1216,1
460,f152263,1
459,f41469,1
457,f98282,1
456,f397074,1
455,f338840,1
453,f86254,1
452,f521899,1
451,f47275,1
448,f346237,1
447,f168745,1
446,f342559,1
445,f265888,1
444,f39671,1
442,f357279,1
441,f494259,1
403,f117843,1
402,f508388,1
401,f116789,1
400,f76132,1
365,f990,1
364,f63182,1
363,f507827,1
362,f306233,1
361,f443475,1
360,f502859,1
359,f54910,1
357,f201375,1
356,f184716,1
355,f373207,1
353,f29360,1
352,f430123,1
350,f514324,1
349,f520705,1
348,f12034,1
347,f42844,1
346,f276956,1
345,f30150,1
344,f381466,1
343,f120230,1
342,f136264,1
341,f54,1
340,f487930,1
339,f82732,1
338,f117038,1
335,f325770,1
334,f486241,1
366,f1095,1
367,f86866,1
369,f151006,1
385,f504523,1
399,f248796,1
398,f303817,1
397,f18658,1
396,f182402,1
395,f89906,1
393,f372815,1
392,f235878,1
391,f352806,1
389,f16226,1
388,f505504,1
387,f115820,1
386,f3073,1
384,f187675,1
370,f8978,1
383,f511306,1
382,f519019,1
381,f2671,1
379,f498879,1
378,f424207,1
377,f428114,1
376,f4454,1
375,f3589,1
374,f288444,1
373,f521651,1
372,f245587,1
371,f146468,1
474,f292962,1
476,f40400,1
332,f17968,1
585,f431602,1
582,f445,1
580,f240240,1
579,f41775,1
577,f413813,1
574,f215356,1
573,f323537,1
572,f5546,1
571,f1430,1
570,f77038,1
569,f371615,1
568,f522735,1
567,f221510,1
566,f12854,1
564,f20844,1
563,f103429,1
562,f415633,1
561,f478958,1
560,f79128,1
559,f179405,1
558,f5662,1
557,f453782,1
556,f448069,1
554,f321333,1
553,f36109,1
552,f113103,1
551,f457850,1
550,f34849,1
584,f422694,1
586,f257793,1
477,f27808,1
587,f57412,1
616,f314755,1
615,f304927,1
614,f392462,1
613,f423534,1
612,f257136,1
611,f223327,1
609,f474144,1
608,f21994,1
607,f141199,1
606,f515863,1
605,f1045,1
604,f80034,1
603,f475182,1
602,f3333,1
601,f330236,1
600,f388646,1
599,f22937,1
598,f46605,1
597,f177377,1
596,f162389,1
595,f402647,1
593,f4496,1
592,f311845,1
591,f444640,1
590,f251341,1
589,f248373,1
588,f213664,1
549,f18383,1
548,f483397,1
547,f239884,1
544,f358321,1
509,f487670,1
508,f67413,1
507,f192713,1
506,f469756,1
505,f480854,1
504,f245006,1
503,f39411,1
502,f18572,1
501,f123393,1
500,f439939,1
499,f236167,1
498,f26109,1
497,f509800,1
496,f306900,1
494,f7917,1
491,f489970,1
490,f326311,1
489,f395626,1
488,f110480,1
487,f86007,1
486,f58410,1
485,f206328,1
483,f992,1
482,f86945,1
481,f298593,1
479,f166580,1
478,f259268,1
510,f8039,1
511,f308179,1
513,f300829,1
528,f128153,1
543,f443876,1
541,f292540,1
539,f423531,1
538,f370820,1
537,f230,1
536,f495734,1
535,f281949,1
534,f62932,1
533,f455049,1
531,f301,1
530,f29669,1
529,f496016,1
527,f285152,1
514,f322615,1
526,f467274,1
525,f509,1
524,f173836,1
523,f336174,1
522,f92760,1
521,f457509,1
520,f90623,1
519,f142863,1
518,f297698,1
517,f136175,1
516,f116910,1
515,f150390,1
333,f233627,1
331,f158470,1
1162,f41016,1
149,f495081,1
147,f152,1
146,f395742,1
143,f506719,1
142,f154792,1
139,f336885,1
138,f240274,1
137,f423963,1
135,f175212,1
134,f441329,1
133,f231672,1
132,f494762,1
131,f519486,1
130,f483053,1
129,f58181,1
128,f186937,1
127,f314070,1
126,f55499,1
125,f48867,1
124,f4905,1
123,f186975,1
122,f57428,1
121,f288407,1
120,f440956,1
119,f499520,1
118,f67933,1
117,f107758,1
115,f94315,1
148,f499043,1
150,f29684,1
185,f199923,1
151,f98217,1
183,f301648,1
182,f155642,1
181,f424171,1
180,f278791,1
179,f354563,1
178,f358172,1
177,f349281,1
176,f316401,1
174,f19182,1
173,f183479,1
172,f208126,1
171,f125816,1
168,f99897,1
166,f2540,1
165,f439256,1
164,f189857,1
163,f186495,1
162,f106981,1
161,f85723,1
160,f169843,1
159,f201294,1
158,f309082,1
157,f199885,1
156,f2804,1
155,f117942,1
154,f449591,1
153,f273489,1
114,f289183,1
113,f4168,1
112,f218938,1
111,f972,1
61,f265284,1
60,f96086,1
59,f112169,1
58,f181,1
57,f385380,1
53,f320896,1
52,f1845,1
51,f10588,1
50,f55279,1
49,f267154,1
48,f465,1
47,f341918,1
46,f299732,1
45,f251570,1
43,f459810,1
41,f377898,1
38,f53881,1
33,f479130,1
31,f244027,1
30,f124653,1
29,f27054,1
21,f289826,1
18,f52945,1
16,f15396,1
14,f236063,1
9,f205601,1
8,f22199,1
62,f274900,1
63,f17714,1
64,f496355,1
93,f215601,1
110,f179063,1
109,f3909,1
108,f227120,1
107,f73722,1
106,f59966,1
105,f253770,1
104,f315591,1
102,f436038,1
99,f177123,1
97,f122194,1
95,f163753,1
94,f358841,1
92,f463307,1
65,f181957,1
91,f75876,1
90,f252554,1
89,f21705,1
88,f18418,1
86,f336283,1
85,f236324,1
83,f441467,1
82,f509464,1
75,f285710,1
74,f483541,1
68,f131404,1
67,f210108,1
184,f148545,1
187,f39541,1
329,f116060,1
296,f344237,1
293,f208837,1
291,f105,1
289,f407873,1
288,f304419,1
286,f256853,1
285,f332,1
283,f224467,1
282,f272400,1
281,f98882,1
280,f476789,1
279,f193915,1
277,f313473,1
276,f325607,1
275,f27666,1
273,f496846,1
272,f63736,1
269,f106266,1
268,f249761,1
267,f211062,1
266,f290928,1
265,f198678,1
264,f188173,1
263,f176144,1
262,f520634,1
261,f40840,1
260,f231404,1
259,f72,1
295,f411915,1
297,f1500,1
188,f413061,1
298,f302164,1
328,f184054,1
326,f427981,1
324,f300794,1
323,f321048,1
322,f42814,1
321,f382990,1
320,f506096,1
319,f461227,1
318,f86100,1
317,f472541,1
316,f406560,1
314,f145284,1
313,f476711,1
312,f223171,1
311,f516874,1
310,f406428,1
309,f411448,1
308,f408777,1
307,f39245,1
306,f52487,1
305,f327675,1
304,f265368,1
303,f261456,1
302,f264787,1
301,f279,1
300,f369950,1
299,f132172,1
258,f148748,1
257,f401886,1
256,f12343,1
255,f434304,1
220,f460620,1
219,f81,1
218,f274870,1
217,f113848,1
215,f74831,1
213,f42186,1
212,f524732,1
211,f375623,1
210,f329446,1
209,f487187,1
208,f412862,1
207,f18027,1
206,f106611,1
205,f2467,1
204,f383540,1
203,f463930,1
202,f27382,1
201,f317322,1
199,f52571,1
196,f150986,1
195,f102614,1
194,f246898,1
193,f198885,1
192,f326456,1
191,f201864,1
190,f56089,1
189,f541,1
221,f336844,1
222,f175493,1
223,f14566,1
239,f7908,1
254,f138439,1
253,f1446,1
252,f438443,1
251,f98658,1
250,f369623,1
248,f38266,1
247,f38892,1
246,f211372,1
245,f480356,1
244,f152767,1
243,f406357,1
241,f113221,1
238,f428227,1
224,f162007,1
237,f240323,1
236,f21592,1
235,f300494,1
234,f457821,1
233,f82070,1
232,f231189,1
231,f49255,1
229,f327144,1
228,f382665,1
227,f488755,1
226,f255410,1
225,f404727,1
617,f121496,1
618,f204195,1
619,f557,1
993,f102084,1
991,f394252,1
990,f484032,1
989,f366770,1
988,f458004,1
987,f204,1
986,f1551,1
985,f428976,1
984,f257446,1
983,f284414,1
982,f271239,1
981,f326827,1
980,f283452,1
979,f449240,1
978,f39137,1
977,f308246,1
976,f71143,1
975,f20343,1
974,f348430,1
973,f793,1
972,f502156,1
971,f346373,1
970,f470947,1
969,f409778,1
968,f165163,1
967,f72228,1
965,f292375,1
964,f248142,1
992,f503521,1
994,f314688,1
1025,f353191,1
995,f24633,1
1023,f5795,1
1022,f76830,1
1021,f291,1
1020,f517026,1
1019,f54996,1
1018,f95701,1
1017,f180,1
1016,f10351,1
1015,f474404,1
1014,f80714,1
1013,f223631,1
1011,f771,1
1010,f288990,1
1009,f144369,1
1008,f464507,1
1007,f358446,1
1006,f275606,1
1005,f155,1
1004,f648,1
1003,f11436,1
1002,f320589,1
1001,f197342,1
1000,f51563,1
999,f257372,1
998,f94629,1
997,f58103,1
996,f519266,1
963,f453520,1
961,f127414,1
960,f36589,1
959,f477952,1
927,f3022,1
925,f1157,1
924,f168694,1
923,f57952,1
922,f228750,1
921,f205584,1
920,f246337,1
919,f348434,1
918,f944,1
917,f231184,1
916,f195959,1
915,f344235,1
914,f310124,1
913,f270772,1
911,f240,1
910,f322163,1
909,f345910,1
908,f184579,1
907,f400729,1
906,f28454,1
902,f238161,1
901,f119,1
900,f66168,1
899,f143462,1
897,f384073,1
896,f162008,1
895,f290227,1
928,f41433,1
929,f100162,1
931,f376,1
946,f9196,1
958,f326265,1
957,f56,1
956,f263876,1
955,f439715,1
954,f3649,1
953,f501752,1
952,f239982,1
951,f437885,1
950,f346603,1
949,f112360,1
948,f482940,1
947,f175780,1
945,f14556,1
932,f323,1
944,f72560,1
943,f149267,1
942,f1413,1
941,f786,1
940,f22964,1
939,f142031,1
938,f95391,1
937,f232262,1
936,f221766,1
935,f142429,1
934,f386876,1
933,f382704,1
1024,f87422,1
1027,f360959,1
620,f182901,1
1129,f46664,1
1127,f384913,1
1126,f291761,1
1125,f43,1
1124,f203,1
1122,f315426,1
1121,f52227,1
1120,f355455,1
1119,f456358,1
1118,f70044,1
1117,f444500,1
1115,f415161,1
1114,f273210,1
1113,f80346,1
1112,f149,1
1111,f224586,1
1110,f452785,1
1109,f391512,1
1108,f60437,1
1107,f2576,1
1106,f11338,1
1104,f427020,1
1103,f344449,1
1102,f92823,1
1101,f464822,1
1100,f123349,1
1099,f398751,1
1098,f388744,1
1128,f524653,1
1130,f111,1
1028,f2136,1
1131,f176758,1
1161,f72698,1
1160,f7656,1
1159,f67894,1
1158,f484155,1
1157,f173361,1
1156,f176309,1
1155,f278978,1
1154,f69296,1
1153,f289913,1
1152,f26758,1
1151,f399396,1
1150,f110900,1
1149,f451,1
1148,f172226,1
1146,f315355,1
1145,f170958,1
1143,f479747,1
1142,f56265,1
1141,f61491,1
1140,f291513,1
1139,f289429,1
1138,f95483,1
1137,f63190,1
1136,f40361,1
1135,f105165,1
1133,f493274,1
1132,f55892,1
1097,f14903,1
1096,f40366,1
1095,f379580,1
1094,f483168,1
1056,f398612,1
1055,f434778,1
1054,f111975,1
1053,f258849,1
1052,f142208,1
1051,f456,1
1050,f246710,1
1049,f12885,1
1048,f345037,1
1047,f76908,1
1046,f435023,1
1045,f12073,1
1044,f335988,1
1043,f28491,1
1041,f153365,1
1040,f511046,1
1039,f444730,1
1038,f494942,1
1037,f348665,1
1036,f182712,1
1035,f297454,1
1034,f515524,1
1033,f405200,1
1032,f26000,1
1031,f29353,1
1030,f77340,1
1029,f467394,1
1057,f90545,1
1059,f34311,1
1060,f62755,1
1076,f257451,1
1092,f140672,1
1088,f51551,1
1087,f87524,1
1086,f491328,1
1085,f93803,1
1084,f39657,1
1083,f381001,1
1082,f482127,1
1080,f56777,1
1079,f26428,1
1078,f267353,1
1077,f367266,1
1075,f209558,1
1061,f47533,1
1074,f267661,1
1072,f349181,1
1071,f5812,1
1070,f434505,1
1069,f28139,1
1068,f63129,1
1067,f281617,1
1066,f493881,1
1065,f172964,1
1064,f467398,1
1063,f78809,1
1062,f459834,1
894,f347145,1
893,f22672,1
892,f344535,1
722,f81187,1
720,f220146,1
719,f438805,1
718,f492627,1
717,f74858,1
716,f199820,1
715,f265508,1
714,f180112,1
713,f423641,1
712,f431228,1
711,f72763,1
710,f64742,1
709,f354176,1
708,f217077,1
707,f423716,1
706,f400509,1
705,f300180,1
704,f190474,1
703,f495931,1
702,f258351,1
700,f155708,1
699,f179062,1
698,f315898,1
696,f407042,1
694,f522667,1
693,f447607,1
692,f508746,1
690,f521517,1
721,f506690,1
723,f498117,1
891,f467024,1
725,f460144,1
755,f165255,1
754,f226996,1
753,f414239,1
752,f151302,1
751,f153811,1
750,f57121,1
749,f397398,1
748,f251530,1
746,f517721,1
744,f274127,1
743,f185565,1
742,f471872,1
741,f57258,1
740,f288839,1
739,f46508,1
738,f481571,1
737,f480204,1
736,f2401,1
735,f123561,1
734,f164790,1
733,f204441,1
732,f14606,1
731,f480120,1
729,f230928,1
728,f107453,1
727,f256889,1
726,f237605,1
689,f245781,1
688,f435246,1
687,f4029,1
686,f95649,1
650,f314945,1
649,f201814,1
648,f144582,1
647,f139985,1
646,f2535,1
644,f169424,1
642,f205939,1
641,f524504,1
640,f186247,1
639,f306048,1
638,f101739,1
637,f403218,1
636,f148778,1
635,f227139,1
634,f131070,1
633,f107638,1
632,f504994,1
631,f312156,1
629,f1145,1
628,f154118,1
627,f193454,1
626,f373530,1
625,f118322,1
624,f24941,1
623,f398497,1
622,f416882,1
621,f325365,1
651,f358888,1
652,f380749,1
653,f76,1
670,f168959,1
685,f2706,1
684,f26473,1
683,f45611,1
681,f249345,1
680,f88170,1
679,f451558,1
678,f90709,1
677,f334631,1
675,f41476,1
674,f12791,1
673,f298616,1
672,f4128,1
669,f88855,1
654,f450633,1
668,f322169,1
667,f9989,1
666,f479160,1
665,f106713,1
664,f509124,1
663,f20972,1
662,f299484,1
659,f320343,1
658,f575,1
657,f10790,1
656,f1685,1
655,f429030,1
756,f413975,1
757,f78,1
758,f326625,1
828,f72540,1
857,f289386,1
856,f168114,1
855,f418150,1
854,f484856,1
853,f128,1
852,f103256,1
851,f16651,1
850,f495015,1
849,f449258,1
848,f1017,1
847,f280890,1
846,f288800,1
845,f199,1
843,f295038,1
842,f74828,1
841,f331241,1
840,f58737,1
839,f253884,1
838,f521461,1
837,f450718,1
836,f9845,1
835,f448568,1
834,f236904,1
833,f64295,1
832,f360961,1
831,f39021,1
830,f270672,1
858,f507698,1
859,f1013,1
860,f54557,1
875,f13982,1
890,f269033,1
887,f302864,1
886,f401667,1
885,f343690,1
884,f353796,1
883,f204438,1
881,f211986,1
880,f463741,1
879,f487638,1
878,f253863,1
877,f81212,1
876,f452052,1
874,f508952,1
861,f38547,1
873,f476262,1
872,f334690,1
871,f414245,1
870,f62769,1
869,f240176,1
868,f198403,1
867,f227299,1
866,f48832,1
865,f478010,1
864,f223303,1
863,f315450,1
862,f459321,1
829,f457710,1
827,f1544,1
759,f449066,1
826,f410560,1
793,f68606,1
792,f378818,1
791,f15745,1
789,f287019,1
788,f150052,1
787,f238956,1
786,f520044,1
785,f25185,1
784,f314756,1
783,f148540,1
782,f8412,1
781,f146327,1
780,f175369,1
778,f281428,1
777,f199557,1
776,f506138,1
771,f362437,1
769,f101737,1
768,f318665,1
767,f363370,1
766,f133178,1
765,f163156,1
764,f13385,1
763,f210875,1
762,f36143,1
761,f342495,1
760,f410374,1
794,f41029,1
795,f446463,1
796,f343293,1
812,f109364,1
825,f8497,1
824,f98600,1
823,f104747,1
822,f81998,1
821,f128038,1
819,f203898,1
818,f39932,1
817,f471289,1
816,f25,1
815,f219306,1
814,f158665,1
813,f109670,1
811,f383849,1
797,f332759,1
810,f16004,1
809,f522739,1
808,f34690,1
807,f25122,1
806,f442938,1
805,f408528,1
803,f495552,1
802,f283765,1
801,f101611,1
800,f385316,1
799,f1721,1
798,f164,1
2146,f1897,1
